size,hour
49,202502131032
51,202502131132
49,202502131232
48,202502131332
47,202502131432
47,202502131532
43,202502131726
40,202502131826
37,202502131926
36,202502132026
34,202502132126
32,202502132226
27,202502132326
25,202502140026
25,202502140126
26,202502140226
27,202502140326
29,202502140426
31,202502140526
35,202502140626
40,202502140726
6.5,202502140826
49,202502140926
50,202502141026
49,202502141126
48,202502141226
46,202502141326
46,202502141426
45,202502141526
43,202502141626
40,202502141726
38,202502141826
36,202502141926
9.8,202502142026
32,202502142126
29,202502142226
25,202502142326
22,202502150026
21,202502150126
23,202502150226
24,202502150326
25,202502150426
26,202502150526
28,202502150626
33,202502150726
36,202502150826
6.5,202502150926
43,202502151026
43,202502151126
42,202502151226
42,202502151326
41,202502151426
39,202502151526
38,202502151626
38,202502151726
35,202502151826
34,202502151926
33,202502152026
31,202502152126
29,202502152226
25,202502152326
22,202502160026
21,202502160126
22,202502160226
24,202502160326
24,202502160426
25,202502160526
28,202502160626
31,202502160726
36,202502160826
40,202502160926
43,202502161026
43,202502161126
42,202502161226
42,202502161326
41,202502161426
39,202502161526
38,202502161626
37,202502161726
34,202502161826
32,202502161926
31,202502162026
30,202502162126
28,202502162226
24,202502162326
23,202502170026
22,202502170126
23,202502170226
24,202502170326
25,202502170426
27,202502170526
30,202502170626
35,202502170726
39,202502170826
43,202502170926
45,202502171026
45,202502171126
46,202502171226
44,202502171326
44,202502171426
44,202502171526
43,202502171626
41,202502171726
38,202502171826
35,202502171926
34,202502172026
33,202502172126
30,202502172226
25,202502172326
23,202502180026
23,202502180126
23,202502180226
25,202502180326
26,202502180426
28,202502180526
32,202502180626
37,202502180726
42,202502180826
45,202502180926
46,202502181026
46,202502181126
45,202502181226
44,202502181326
44,202502181426
45,202502181526
45,202502181626
42,202502181726
39,202502181826
37,202502181926
35,202502182026
34,202502182126
30,202502182226
25,202502182326
23,202502190026
23,202502190126
24,202502190226
26,202502190326
27,202502190426
29,202502190526
33,202502190626
38,202502190726
43,202502190826
47,202502190926
48,202502191026
49,202502191126
48,202502191226
47,202502191326
47,202502191426
47,202502191526
46,202502191626
42,202502191726
39,202502191826
37,202502191926
35,202502192026
34,202502192126
30,202502192226
26,202502192326
24,202502200026
24,202502200126
24,202502200226
25,202502200326
26,202502200426
29,202502200526
33,202502200626
38,202502200726
43,202502200826
46,202502200926
48,202502201026
48,202502201126
47,202502201226
46,202502201326
46,202502201426
45,202502201526
44,202502201626
41,202502201726
39,202502201826
38,202502201926
36,202502202026
35,202502202126
31,202502202226
30,202502202326
26,202502210026
24,202502210126
25,202502210226
26,202502210326
27,202502210426
30,202502210526
34,202502210626
39,202502210726
43,202502210826
47,202502210926
48,202502211026
47,202502211126
46,202502211226
45,202502211326
44,202502211426
6.0,202502211526
43,202502211626
40,202502211726
38,202502211826
36,202502211926
34,202502212026
32,202502212126
29,202502212226
25,202502212326
23,202502220026
22,202502220126
23,202502220226
24,202502220326
25,202502220426
26,202502220526
29,202502220626
34,202502220726
39,202502220826
42,202502220926
43,202502221026
44,202502221126
41,202502221226
41,202502221326
39,202502221426
38,202502221526
37,202502221626
37,202502221726
35,202502221826
33,202502221926
32,202502222026
30,202502222126
27,202502222226
25,202502222326
22,202502230026
21,202502230126
22,202502230226
24,202502230326
24,202502230426
25,202502230526
28,202502230626
32,202502230726
36,202502230826
41,202502230926
43,202502231026
44,202502231126
43,202502231226
43,202502231326
41,202502231426
40,202502231526
39,202502231626
38,202502231726
35,202502231826
34,202502231926
32,202502232026
31,202502232126
27,202502232226
25,202502232326
23,202502240026
23,202502240126
23,202502240226
24,202502240326
26,202502240426
28,202502240526
32,202502240626
37,202502240726
41,202502240826
44,202502240926
46,202502241026
46,202502241126
46,202502241226
45,202502241326
44,202502241426
44,202502241526
43,202502241626
40,202502241726
38,202502241826
35,202502241926
34,202502242026
33,202502242126
30,202502242226
26,202502242326
25,202502250026
23,202502250126
24,202502250226
24,202502250326
26,202502250426
28,202502250526
32,202502250626
38,202502250726
42,202502250826
45,202502250926
46,202502251026
46,202502251126
45,202502251226
45,202502251326
45,202502251426
44,202502251526
44,202502251626
41,202502251726
38,202502251826
36,202502251926
35,202502252026
35,202502252126
30,202502252226
25,202502252326
24,202502260026
23,202502260126
24,202502260226
25,202502260326
26,202502260426
28,202502260526
33,202502260626
38,202502260726
42,202502260826
45,202502260926
47,202502261026
47,202502261126
46,202502261226
45,202502261326
44,202502261426
43,202502280816
47,202502280916
49,202502281016
48,202502281116
51,202502281216
59,202502281316
58,202502281416
56,202502281516
54,202502281616
51,202502281716
46,202502281816
41,202502281916
38,202502282016
36,202502282116
33,202502282216
28,202502282316
24,202503010016
14,202503010116
24,202503010216
25,202503010316
26,202503010416
27,202503010516
30,202503010616
34,202503010716
39,202503010816
42,202503010916
44,202503011016
45,202503011116
43,202503011216
43,202503011316
41,202503011416
40,202503011516
39,202503011616
38,202503011716
36,202503011816
34,202503011916
33,202503012016
31,202503012116
29,202503012216
25,202503012316
22,202503020016
21,202503020116
22,202503020216
23,202503020316
25,202503020416
26,202503020516
28,202503020616
32,202503020716
36,202503020816
40,202503020916
42,202503021016
43,202503021116
43,202503021216
43,202503021316
38,202503021416
40,202503021516
39,202503021616
37,202503021716
36,202503021816
35,202503021916
36,202503022016
36,202503022116
36,202503022216
25,202503022316
23,202503030016
22,202503030116
22,202503030216
23,202503030316
24,202503030416
26,202503030516
30,202503030616
35,202503030716
39,202503030816
43,202503030916
45,202503031016
46,202503031116
45,202503031216
45,202503031316
44,202503031416
44,202503031516
43,202503031616
40,202503031716
38,202503031816
37,202503031916
35,202503032016
34,202503032116
31,202503032216
26,202503032316
25,202503040016
24,202503040116
24,202503040216
25,202503040316
26,202503040416
28,202503040516
31,202503040616
37,202503040716
42,202503040816
47,202503040916
49,202503041016
49,202503041116
49,202503041216
48,202503041316
47,202503041416
47,202503041516
46,202503041616
44,202503041716
40,202503041816
37,202503041916
37,202503042016
43,202503042116
39,202503042216
30,202503042316
26,202503050016
24,202503050116
24,202503050216
24,202503050316
25,202503050416
27,202503050516
32,202503050616
36,202503050716
42,202503050816
46,202503050916
47,202503051016
47,202503051116
46,202503051216
52,202503041931
52,202503042055
50,202503042155
46,202503042255
42,202503042355
41,202503050055
45,202503050155
46,202503050255
36,202503050355
29,202503050455
28,202503050555
26,202503050655
26,202503050755
27,202503050855
29,202503050955
33,202503051055
39,202503051155
45,202503051255
50,202503051355
53,202503051455
52,202503051555
52,202503051655
51,202503051755
52,202503051855
51,202503051955
49,202503052055
47,202503052155
43,202503052255
40,202503052355
39,202503060055
38,202503060155
35,202503060255
30,202503060355
26,202503060455
26,202503060555
25,202503060655
27,202503060755
28,202503060855
29,202503060955
34,202503061055
39,202503061155
46,202503061255
52,202503061355
54,202503061455
56,202503061555
55,202503061655
53,202503061755
52,202503061855
52,202503061955
51,202503062055
49,202503062155
45,202503062255
43,202503062355
40,202503070055
38,202503070155
37,202503070255
31,202503070355
27,202503070455
27,202503070555
27,202503070655
28,202503070755
28,202503070855
30,202503070955
34,202503071055
40,202503071155
31,202503071255
52,202503071455
53,202503071555
54,202503071655
52,202503071755
49,202503071855
49,202503071955
47,202503072055
45,202503072155
42,202503072255
39,202503072355
37,202503080055
35,202503080155
33,202503080255
28,202503080355
25,202503080455
23,202503080555
24,202503080655
25,202503080755
26,202503080855
27,202503080955
29,202503081055
33,202503081155
37,202503081255
42,202503081355
46,202503081455
47,202503081555
46,202503081655
44,202503081755
43,202503081855
41,202503081955
41,202503082055
39,202503082155
37,202503082255
36,202503082355
35,202503090055
33,202503090155
31,202503090255
27,202503090355
24,202503090455
22,202503090555
23,202503090655
24,202503090755
25,202503090855
26,202503090955
29,202503091055
33,202503091155
37,202503091255
41,202503091355
44,202503091455
45,202503091555
45,202503091655
44,202503091755
42,202503091855
41,202503091955
41,202503092055
40,202503092155
38,202503092255
36,202503092355
35,202503100055
32,202503100155
30,202503100255
25,202503100355
21,202503100455
22,202503100555
23,202503100655
24,202503100755
27,202503100855
35,202503100955
34,202503101055
40,202503101155
46,202503101255
31,202503101355
62,202503101455
69,202503101555
61,202503101655
57,202503101755
53,202503101855
49,202503101955
50,202503102055
48,202503102155
45,202503102255
42,202503102355
39,202503110055
37,202503110155
34,202503110255
28,202503110355
24,202503110455
25,202503110555
25,202503110655
27,202503110755
31,202503110855
34,202503110955
40,202503111055
46,202503111155
51,202503111255
56,202503111355
57,202503111455
55,202503111555
53,202503111655
52,202503111755
52,202503111855
52,202503111955
51,202503112055
49,202503112155
46,202503112255
42,202503112355
40,202503120055
38,202503120155
34,202503120255
28,202503120355
24,202503120455
25,202503120555
25,202503120655
27,202503120755
29,202503120855
32,202503120955
37,202503121055
44,202503121155
48,202503121255
52,202503121355
54,202503121455
52,202503121555
52,202503121655
50,202503121755
50,202503121855
14,202503121955
49,202503122055
48,202503122155
44,202503122255
41,202503122355
39,202503130055
36,202503130155
33,202503130255
27,202503130355
3.7,202503130455
2.4,202503130555
25,202503130655
26,202503130755
29,202503130855
32,202503130955
38,202503131055
45,202503131155
51,202503131255
52,202503131355
55,202503131455
53,202503131555
52,202503131655
52,202503131755
50,202503131855
50,202503131955
49,202503132055
48,202503132155
49,202503132255
46,202503132355
42,202503140055
39,202503140155
36,202503140255
29,202503140355
26,202503140455
26,202503140555
28,202503140655
27,202503140755
31,202503140855
34,202503140955
39,202503141055
46,202503141155
51,202503141255
55,202503141355
57,202503141455
56,202503141555
53,202503141655
51,202503141755
51,202503141855
50,202503141955
51,202503142055
48,202503142155
45,202503142255
41,202503142355
33,202503170055
30,202503170155
28,202503170255
23,202503170355
21,202503170455
22,202503170555
22,202503170655
24,202503170755
26,202503170855
30,202503170955
35,202503171055
41,202503171155
45,202503171255
49,202503171355
52,202503171455
50,202503171555
50,202503171655
48,202503171755
47,202503171855
48,202503171955
46,202503172055
45,202503172155
42,202503172255
39,202503172355
34,202503160055
31,202503160155
29,202503160255
26,202503160355
23,202503160455
21,202503160555
22,202503160655
23,202503160755
25,202503160855
27,202503160955
30,202503161055
35,202503161155
40,202503161255
44,202503161355
46,202503161455
45,202503161555
44,202503161655
44,202503161755
43,202503161855
42,202503161955
42,202503162055
41,202503162155
37,202503162255
35,202503162355
38,202503150055
35,202503150155
31,202503150255
26,202503150355
23,202503150455
22,202503150555
23,202503150655
24,202503150755
26,202503150855
27,202503150955
31,202503151055
36,202503151155
42,202503151255
44,202503151355
47,202503151455
46,202503151555
45,202503151655
14,202503151855
41,202503151955
41,202503152055
39,202503152155
38,202503152255
36,202503152355
37,202503180055
34,202503180155
30,202503180255
25,202503180355
22,202503180455
24,202503180555
23,202503180655
26,202503180755
27,202503180855
23,202503180955
50,202503181355
52,202503181455
51,202503181555
51,202503181655
50,202503181755
49,202503181855
48,202503181955
47,202503182055
44,202503182155
43,202503182255
40,202503182355
36,202503181055
38,202503190055
35,202503190155
32,202503190255
26,202503190355
22,202503190455
24,202503190555
24,202503190655
26,202503190755
28,202503190855
32,202503190955
14,202503191055
39,202503191121
44,202503191221
49,202503191321
51,202503191421
51,202503191521
50,202503191621
49,202503191721
48,202503191821
47,202503191921
46,202503192021
45,202503192121
44,202503192221
40,202503192321
38,202503200021
36,202503200121
33,202503200221
28,202503200321
24,202503200421
23,202503200521
23,202503200621
25,202503200721
27,202503200821
29,202503200921
33,202503201021
39,202503201121
45,202503201221
49,202503201321
52,202503201421
52,202503201521
26,202503201621
49,202503201721
49,202503201821
47,202503201921
48,202503202021
46,202503202121
44,202503202221
41,202503202321
39,202503210021
36,202503210121
33,202503210221
29,202503210321
24,202503210421
23,202503210521
23,202503210621
25,202503210721
27,202503210821
30,202503210921
34,202503211021
39,202503211121
45,202503211221
49,202503211321
51,202503211421
53,202503211521
10,202503211621
49,202503211721
47,202503211821
47,202503211921
45,202503212021
33,202503212121
39,202503212221
40,202503212321
37,202503220021
36,202503220121
33,202503220221
29,202503220321
24,202503220421
21,202503220521
22,202503220621
23,202503220721
25,202503220821
26,202503220921
28,202503221021
34,202503221121
38,202503221221
42,202503221321
45,202503221421
45,202503221521
44,202503221621
42,202503221721
41,202503221821
40,202503221921
39,202503222021
39,202503222121
37,202503222221
36,202503222321
34,202503230021
32,202503230121
30,202503230221
25,202503230321
23,202503230421
20,202503230521
22,202503230621
22,202503230721
25,202503230821
26,202503230921
30,202503231021
32,202503231121
36,202503231221
40,202503231321
44,202503231421
45,202503231521
44,202503231621
43,202503231721
42,202503231821
41,202503231921
40,202503232021
40,202503232121
38,202503232221
36,202503232321
34,202503240021
32,202503240121
30,202503240221
26,202503240321
22,202503240421
22,202503240521
21,202503240621
23,202503240721
25,202503240821
27,202503240921
31,202503241021
37,202503241121
43,202503241221
46,202503241321
49,202503241421
50,202503241521
49,202503241621
48,202503241721
47,202503241821
48,202503241921
48,202503242021
45,202503242121
45,202503242221
36,202503242321
36,202503250121
33,202503250221
29,202503250321
24,202503250421
24,202503250521
23,202503250621
24,202503250721
26,202503250821
29,202503250921
33,202503251021
39,202503251121
45,202503251221
50,202503251321
52,202503251421
51,202503251521
49,202503251621
48,202503251721
47,202503251821
47,202503251921
47,202503252021
46,202503252121
43,202503252221
2.7,202503252321
38,202503260021
37,202503260121
33,202503260221
29,202503260321
23,202503260421
25,202503260521
24,202503260621
25,202503260721
28,202503260821
30,202503260921
35,202503261021
41,202503261121
47,202503261221
50,202503261321
55,202503261421
54,202503261521
52,202503261621
50,202503261721
49,202503261821
49,202503261921
49,202503262021
47,202503262121
44,202503262221
40,202503262321
38,202503270021
36,202503270121
33,202503270221
29,202503270321
24,202503270421
23,202503270521
24,202503270621
26,202503270721
27,202503270821
31,202503270921
35,202503271021
41,202503271121
46,202503271221
52,202503271321
59,202503271421
55,202503271521
52,202503271621
49,202503271721
49,202503271821
49,202503271921
48,202503272021
47,202503272121
44,202503272221
42,202503272321
40,202503280021
37,202503280121
35,202503280221
30,202503280321
25,202503280421
24,202503280521
24,202503280621
26,202503280721
28,202503280821
30,202503280921
35,202503281021
41,202503281121
47,202503281221
50,202503281321
53,202503281421
53,202503281521
51,202503281621
49,202503281721
50,202503281821
47,202503281921
46,202503282021
45,202503282121
43,202503282221
41,202503282321
37,202503290021
36,202503290121
32,202503290221
28,202503290321
24,202503290421
22,202503290521
21,202503290621
24,202503290721
24,202503290821
26,202503290921
29,202503291021
34,202503291121
37,202503291221
41,202503291321
46,202503291421
45,202503291521
44,202503291621
42,202503291721
41,202503291821
40,202503291921
40,202503292021
39,202503292121
38,202503292221
37,202503292321
35,202503300021
32,202503300121
30,202503300221
27,202503300321
23,202503300421
21,202503300521
21,202503300621
22,202503300721
23,202503300821
25,202503300921
27,202503301021
31,202503301121
36,202503301221
41,202503301321
45,202503301421
55,202503301521
44,202503301621
42,202503301721
43,202503301821
41,202503301921
40,202503302021
38,202503302121
36,202503302221
34,202503302321
32,202503310021
31,202503310121
29,202503310221
26,202503310321
23,202503310421
24,202503310521
23,202503310621
24,202503310721
25,202503310821
28,202503310921
33,202503311021
38,202503311121
43,202503311221
47,202503311321
51,202503311421
71,202503311521
8.9,202503311621
52,202503311721
46,202503311821
46,202503311921
45,202503312021
43,202503312121
41,202503312221
38,202503312321
38,202504010021
36,202504010121
33,202504010221
31,202504010321
26,202504010421
27,202504010521
13,202504010621
26,202504010721
27,202504010821
29,202504010921
33,202504011021
39,202504011121
45,202504011221
50,202504011321
52,202504011421
52,202504011521
50,202504011621
48,202504011721
47,202504011821
46,202504011921
45,202504012021
43,202504012121
42,202504012221
41,202504012321
37,202504020021
39,202504020121
37,202504020221
31,202504020321
27,202504020421
26,202504020521
25,202504020621
24,202504020721
26,202504020821
29,202504020921
33,202504021021
39,202504021121
48,202504021221
63,202504021321
60,202504021421
49,202504021521
52,202504021621
14,202504021721
48,202504021821
48,202504021921
52,202504022021
48,202504022121
43,202504022221
42,202504022321
39,202504030021
38,202504030121
34,202504030221
30,202504030321
26,202504030421
27,202504030521
26,202504030621
26,202504030721
27,202504030821
30,202504030921
34,202504031021
40,202504031121
47,202504031221
52,202504031321
57,202504031421
56,202504031521
53,202504031621
52,202504031721
51,202504031821
51,202504031921
50,202504032021
47,202504032121
43,202504032221
40,202504032321
37,202504040021
35,202504040121
34,202504040221
30,202504040321
26,202504040421
27,202504040521
27,202504040621
29,202504040721
31,202504040821
33,202504040921
37,202504041021
43,202504041121
49,202504041221
54,202504041321
58,202504041421
57,202504041521
56,202504041621
54,202504041721
53,202504041821
52,202504041921
50,202504042021
46,202504042121
42,202504042221
38,202504042321
36,202504050021
35,202504050121
31,202504050221
28,202504050321
25,202504050421
24,202504050521
25,202504050621
26,202504050721
26,202504050821
28,202504050921
30,202504051021
35,202504051121
39,202504051221
44,202504051321
47,202504051421
47,202504051521
46,202504051621
45,202504051721
45,202504051821
44,202504051921
44,202504052021
42,202504052121
39,202504052221
16,202504052321
36,202504060021
34,202504060121
31,202504060221
28,202504060321
24,202504060421
24,202504060521
25,202504060621
26,202504060721
26,202504060821
27,202504060921
29,202504061021
34,202504061121
39,202504061221
44,202504061321
48,202504061421
50,202504061521
47,202504061621
46,202504061721
45,202504061821
43,202504061921
42,202504062021
39,202504062121
37,202504062221
36,202504062321
35,202504070021
33,202504070121
31,202504070221
28,202504070321
26,202504070421
7.2,202504070521
25,202504070621
26,202504070721
27,202504070821
29,202504070921
33,202504071021
39,202504071121
45,202504071221
50,202504071321
53,202504071421
39,202504071521
1.5,202504071621
50,202504071721
48,202504071821
48,202504071921
46,202504072021
42,202504072121
33,202504072221
27,202504080021
35,202504080121
32,202504080221
29,202504080321
18,202504080421
27,202504080521
3.2,202504080621
26,202504080721
27,202504080821
29,202504080921
24,202504081021
39,202504081121
44,202504081221
49,202504081321
52,202504081421
52,202504081521
51,202504081621
50,202504081721
48,202504081821
48,202504081921
47,202504082021
44,202504082121
40,202504082221
39,202504082321
38,202504090021
35,202504090121
33,202504090221
29,202504090321
26,202504090421
26,202504090521
26,202504090621
27,202504090721
27,202504090821
29,202504090921
34,202504091021
41,202504091121
46,202504091221
50,202504091321
53,202504091421
52,202504091521
50,202504091621
52,202504091721
50,202504091821
48,202504091921
47,202504092021
43,202504092121
38,202504092221
36,202504092321
35,202504100021
33,202504100121
30,202504100221
28,202504100321
24,202504100421
25,202504100521
26,202504100621
26,202504100721
27,202504100821
30,202504100921
33,202504101021
38,202504101121
44,202504101221
48,202504101321
49,202504101421
51,202504101521
49,202504101621
48,202504101721
46,202504101821
45,202504101921
44,202504102021
41,202504102121
39,202504102221
36,202504102321
34,202504110021
34,202504110121
31,202504110221
28,202504110321
24,202504110421
11,202504110521
25,202504110621
26,202504110721
27,202504110821
29,202504110921
34,202504111021
39,202504111121
44,202504111221
48,202504111321
50,202504111421
12,202504111521
48,202504111621
47,202504111721
45,202504111821
44,202504111921
42,202504112021
40,202504112121
37,202504112221
35,202504112321
35,202504120021
33,202504120121
29,202504120221
26,202504120321
23,202504120421
23,202504120521
24,202504120621
24,202504120721
24,202504120821
25,202504120921
28,202504121021
33,202504121121
37,202504121221
40,202504121321
43,202504121421
44,202504121521
42,202504121621
40,202504121721
38,202504121821
37,202504121921
36,202504122021
35,202504122121
32,202504122221
31,202504122321
31,202504130021
29,202504130121
27,202504130221
24,202504130321
22,202504130421
21,202504130521
22,202504130621
23,202504130721
24,202504130821
24,202504130921
26,202504131021
30,202504131121
35,202504131221
39,202504131321
43,202504131421
43,202504131521
41,202504131621
40,202504131721
39,202504131821
38,202504131921
36,202504132021
36,202504132121
34,202504132221
33,202504132321
31,202504140021
29,202504140121
27,202504140221
25,202504140321
22,202504140421
23,202504140521
23,202504140621
24,202504140721
25,202504140821
27,202504140921
31,202504141021
35,202504141121
40,202504141221
44,202504141321
47,202504141421
47,202504141521
34,202504141621
47,202504141721
45,202504141821
43,202504141921
43,202504142021
40,202504142121
37,202504142221
36,202504142321
34,202504150021
33,202504150121
29,202504150221
24,202504150421
25,202504150521
24,202504150621
25,202504150721
25,202504150821
5.0,202504150921
32,202504151021
37,202504151121
42,202504151221
46,202504151321
48,202504151421
48,202504151521
47,202504151621
45,202504151721
43,202504151821
43,202504151921
44,202504152021
40,202504152121
38,202504152221
35,202504152321
34,202504160021
35,202504160121
16,202504160221
27,202504160321
24,202504160421
25,202504160521
25,202504160621
25,202504160721
26,202504160821
29,202504160921
32,202504161021
38,202504161121
44,202504161221
47,202504161321
50,202504161421
49,202504161521
48,202504161621
47,202504161721
46,202504161821
46,202504161921
44,202504162021
42,202504162121
39,202504162221
37,202504162321
37,202504170021
35,202504170121
30,202504170221
29,202504170321
25,202504170421
25,202504170521
25,202504170621
25,202504170721
26,202504170821
28,202504170921
32,202504171021
38,202504171121
43,202504171221
48,202504171321
50,202504171421
48,202504171521
47,202504171621
45,202504171721
43,202504171821
42,202504171921
44,202504172021
41,202504172121
39,202504172221
38,202504172321
35,202504180021
35,202504180121
31,202504180221
27,202504180321
23,202504180421
24,202504180521
24,202504180621
24,202504180721
26,202504180821
27,202504180921
31,202504181021
36,202504181121
41,202504181221
45,202504181321
48,202504181421
47,202504181521
46,202504181621
43,202504181721
42,202504181821
41,202504181921
39,202504182021
37,202504182121
35,202504182221
34,202504182321
33,202504190021
31,202504190121
28,202504190221
25,202504190321
23,202504190421
22,202504190521
23,202504190621
24,202504190721
24,202504190821
24,202504190921
27,202504191021
31,202504191121
35,202504191221
39,202504191321
41,202504191421
41,202504191521
40,202504191621
39,202504191721
37,202504191821
36,202504191921
35,202504192021
35,202504192121
34,202504192221
32,202504192321
31,202504200021
30,202504200121
28,202504200221
25,202504200321
22,202504200421
21,202504200521
22,202504200621
22,202504200721
23,202504200821
24,202504200921
26,202504201021
30,202504201121
34,202504201221
38,202504201321
41,202504201421
41,202504201521
40,202504201621
39,202504201721
37,202504201821
36,202504201921
35,202504202021
34,202504202121
32,202504202221
32,202504202321
31,202504210021
29,202504210121
29,202504210221
25,202504210321
21,202504210421
20,202504210521
21,202504210621
24,202504210721
28,202504210821
28,202504210921
30,202504211021
34,202504211121
39,202504211221
43,202504211321
46,202504211421
46,202504211521
44,202504211621
44,202504211721
43,202504211821
42,202504211921
41,202504212021
39,202504212121
36,202504212221
34,202504212321
33,202504220021
32,202504220121
30,202504220221
26,202504220321
23,202504220421
23,202504220521
23,202504220621
23,202504220721
24,202504220821
27,202504220921
31,202504221021
36,202504221121
41,202504221221
44,202504221321
47,202504221421
48,202504221521
46,202504221621
44,202504221721
43,202504221821
42,202504221921
42,202504222021
40,202504222121
39,202504222221
37,202504222321
36,202504230021
33,202504230121
30,202504230221
28,202504230321
24,202504230421
24,202504230521
24,202504230621
24,202504230721
25,202504230821
28,202504230921
32,202504231021
37,202504231121
41,202504231221
46,202504231321
47,202504231421
47,202504231521
46,202504231621
44,202504231721
43,202504231821
44,202504231921
42,202504232021
40,202504232121
37,202504232221
35,202504232321
35,202504240021
33,202504240121
30,202504240221
28,202504240321
26,202504240421
25,202504240521
24,202504240621
25,202504240721
25,202504240821
27,202504240921
32,202504241021
36,202504241121
41,202504241221
49,202504241321
49,202504241421
47,202504241521
47,202504241621
43,202504241721
42,202504241821
41,202504241921
40,202504242021
38,202504242121
21,202504242221
2.8,202504242321
36,202504250021
35,202504250121
31,202504250221
28,202504250321
23,202504250421
24,202504250521
24,202504250621
25,202504250721
25,202504250821
27,202504250921
34,202504251021
36,202504251121
44,202504251221
46,202504251321
47,202504251421
47,202504251521
49,202504251621
45,202504251721
42,202504251821
42,202504251921
40,202504252021
39,202504252121
35,202504252221
34,202504252321
32,202504260021
33,202504260121
30,202504260221
26,202504260321
24,202504260421
22,202504260521
23,202504260621
24,202504260721
24,202504260821
25,202504260921
27,202504261021
31,202504261121
36,202504261221
39,202504261321
41,202504261421
42,202504261521
40,202504261621
39,202504261721
38,202504261821
36,202504261921
35,202504262021
34,202504262121
32,202504262221
30,202504262321
30,202504270021
29,202504270121
27,202504270221
19,202504270321
22,202504270421
20,202504270521
21,202504270621
22,202504270721
22,202504270821
23,202504270921
26,202504271021
30,202504271121
34,202504271221
38,202504271321
41,202504271421
42,202504271521
41,202504271621
40,202504271721
38,202504271821
37,202504271921
35,202504272021
34,202504272121
32,202504272221
31,202504272321
29,202504280021
13,202504280121
26,202504280221
25,202504280321
23,202504280421
23,202504280521
23,202504280621
23,202504280721
24,202504280821
26,202504280921
31,202504281021
35,202504281121
40,202504281221
42,202504281321
45,202504281421
45,202504281521
43,202504281621
43,202504281721
41,202504281821
42,202504281921
41,202504282021
29,202504282121
34,202504282321
34,202504300021
33,202504300121
30,202504300221
27,202504300321
15,202504300421
25,202504300521
25,202504300621
24,202504300721
26,202504300821
34,202504290021
34,202504290121
34,202504290221
29,202504290321
26,202504290421
26,202504290521
25,202504290721
26,202504290821
24,202504290921
16,202504291021
30,202504291121
44,202504291221
47,202504291321
49,202504291421
48,202504291521
46,202504291621
45,202504291721
44,202504291821
43,202504291921
42,202504292021
40,202504292121
38,202504292221
35,202504292321
46,202505011418
41,202505011518
45,202505011618
24,202505011718
44,202505011818
40,202505011918
39,202505012018
37,202505012118
34,202505012218
34,202505012318
35,202505020018
31,202505020118
29,202505020218
27,202505020318
16,202505020418
19,202505020518
25,202505020618
25,202505020718
25,202505020818
27,202505020918
30,202505021018
36,202505021118
41,202505021218
47,202505021318
52,202505021418
47,202505021518
45,202505021618
44,202505021718
41,202505021818
39,202505021918
41,202505022018
37,202505022118
34,202505022218
32,202505022318
31,202505030018
32,202505030118
28,202505030218
26,202505030318
22,202505030418
21,202505030518
24,202505030618
23,202505030718
23,202505030818
24,202505030918
28,202505031018
32,202505031118
42,202505031218
39,202505031318
41,202505031418
40,202505031518
41,202505031618
37,202505031718
36,202505031818
37,202505031918
34,202505032018
33,202505032118
32,202505032218
30,202505032318
29,202505040018
31,202505040118
27,202505040218
25,202505040318
21,202505040418
20,202505040518
20,202505040618
22,202505040718
22,202505040818
23,202505040918
25,202505041018
28,202505041118
32,202505041218
45,202505041318
40,202505041418
41,202505041518
40,202505041618
38,202505041718
37,202505041818
37,202505041918
34,202505042018
34,202505042118
31,202505042218
31,202505042318
31,202505050018
30,202505050118
28,202505050218
24,202505050318
23,202505050418
22,202505050518
23,202505050618
24,202505050718
24,202505050818
25,202505050918
31,202505051018
34,202505051118
39,202505051218
42,202505051318
45,202505051418
45,202505051518
44,202505051618
44,202505051718
42,202505051818
40,202505051918
40,202505052018
37,202505052118
34,202505052218
33,202505052318
35,202505060018
32,202505060118
28,202505060218
24,202505060318
23,202505060418
27,202505060518
23,202505060618
23,202505060718
24,202505060818
30,202505060918
31,202505061018
35,202505061118
41,202505061218
44,202505061318
46,202505061418
46,202505061518
45,202505061618
42,202505061718
43,202505061818
40,202505061918
42,202505062018
38,202505062118
36,202505062218
33,202505062318
32,202505070018
32,202505070118
28,202505070218
24,202505070318
21,202505070418
24,202505070618
24,202505070718
25,202505070818
26,202505070918
30,202505071018
35,202505071118
44,202505071218
44,202505071318
46,202505071418
37,202505071518
34,202505071618
43,202505071718
44,202505071818
41,202505071918
6.8,202505072018
37,202505072118
35,202505072218
34,202505072318
33,202505080018
32,202505080118
28,202505080218
26,202505080318
23,202505080418
24,202505080518
24,202505080618
23,202505080718
26,202505080818
27,202505080918
30,202505081018
38,202505081118
41,202505081218
44,202505081318
46,202505081418
48,202505081518
51,202505081618
53,202505081718
44,202505081818
45,202505081918
40,202505082018
38,202505082118
36,202505082218
33,202505082318
32,202505090018
31,202505090118
28,202505090218
25,202505090318
22,202505090418
23,202505090518
27,202505090618
23,202505090718
25,202505090818
30,202505090918
32,202505091018
36,202505091118
40,202505091218
43,202505091318
47,202505091418
45,202505091518
43,202505091618
43,202505091718
41,202505091818
40,202505091918
38,202505092018
38,202505092118
34,202505092218
32,202505092318
31,202505100018
30,202505100118
27,202505100218
24,202505100318
22,202505100418
21,202505100518
22,202505100618
22,202505100718
22,202505100818
25,202505100918
26,202505101018
29,202505101118
36,202505101218
37,202505101318
39,202505101418
39,202505101518
36,202505101618
35,202505101718
34,202505101818
33,202505101918
32,202505102018
37,202505102118
30,202505102218
29,202505102318
29,202505110018
28,202505110118
26,202505110218
24,202505110318
21,202505110418
19,202505110518
20,202505110618
21,202505110718
22,202505110818
26,202505110918
26,202505111018
29,202505111118
33,202505111218
35,202505111318
40,202505111418
39,202505111518
38,202505111618
36,202505111718
35,202505111818
34,202505111918
33,202505112018
31,202505112118
30,202505112218
28,202505112318
27,202505120018
26,202505120118
26,202505120218
22,202505120318
21,202505120418
22,202505120518
22,202505120618
23,202505120718
24,202505120818
26,202505120918
30,202505121018
34,202505121118
39,202505121218
42,202505121318
45,202505121418
44,202505121518
43,202505121618
42,202505121718
40,202505121818
39,202505121918
38,202505122018
36,202505122118
34,202505122218
33,202505122318
31,202505130018
29,202505130118
27,202505130218
25,202505130318
22,202505130418
24,202505130518
23,202505130618
23,202505130718
25,202505130818
26,202505130918
30,202505131018
35,202505131118
40,202505131218
43,202505131318
45,202505131418
45,202505131518
43,202505131618
42,202505131718
42,202505131818
43,202505131918
41,202505132018
38,202505132118
35,202505132218
33,202505132318
31,202505140018
30,202505140118
28,202505140218
26,202505140318
23,202505140418
24,202505140518
24,202505140618
23,202505140718
25,202505140818
26,202505140918
30,202505141018
35,202505141118
40,202505141218
43,202505141318
18,202505141418
45,202505141518
44,202505141618
42,202505141718
41,202505141818
40,202505141918
39,202505142018
37,202505142118
34,202505142218
33,202505142318
32,202505150018
31,202505150118
28,202505150218
26,202505150318
23,202505150418
23,202505150518
23,202505150618
24,202505150718
25,202505150818
26,202505150918
30,202505151018
35,202505151118
40,202505151218
43,202505151318
45,202505151418
44,202505151518
43,202505151618
42,202505151718
41,202505151818
42,202505151918
40,202505152018
37,202505152118
34,202505152218
32,202505152318
31,202505160018
30,202505160118
28,202505160218
26,202505160318
23,202505160418
24,202505160518
23,202505160618
24,202505160718
25,202505160818
27,202505160918
31,202505161018
35,202505161118
40,202505161218
43,202505161318
46,202505161418
46,202505161518
44,202505161618
42,202505161718
41,202505161818
39,202505161918
39,202505162018
36,202505162118
34,202505162218
32,202505162318
31,202505170018
29,202505170118
27,202505170218
24,202505170318
21,202505170418
21,202505170518
22,202505170618
23,202505170718
23,202505170818
23,202505170918
25,202505171018
29,202505171118
33,202505171218
36,202505171318
38,202505171418
39,202505171518
37,202505171618
37,202505171718
35,202505171818
39,202505171918
38,202505172018
35,202505172118
34,202505172218
30,202505172318
28,202505180018
27,202505180118
25,202505180218
23,202505180318
20,202505180418
19,202505180518
20,202505180618
21,202505180718
22,202505180818
23,202505180918
25,202505181018
29,202505181118
32,202505181218
36,202505181318
39,202505181418
39,202505181518
37,202505181618
37,202505181718
35,202505181818
34,202505181918
35,202505182018
34,202505182118
32,202505182218
30,202505182318
29,202505190018
28,202505190118
26,202505190218
24,202505190318
21,202505190418
22,202505190518
22,202505190618
23,202505190718
24,202505190818
26,202505190918
29,202505191018
33,202505191118
38,202505191218
42,202505191318
44,202505191418
44,202505191518
42,202505191618
41,202505191718
40,202505191818
40,202505191918
38,202505192018
36,202505192118
28,202505192218
30,202505192318
29,202505200118
27,202505200218
25,202505200318
22,202505200418
24,202505200518
23,202505200618
24,202505200718
24,202505200818
26,202505200918
30,202505201018
34,202505201118
39,202505201218
43,202505201318
46,202505201418
46,202505201518
19,202505201618
39,202505201718
42,202505201818
40,202505201918
40,202505202018
37,202505202118
34,202505202218
32,202505202318
31,202505210018
30,202505210118
28,202505210218
25,202505210318
23,202505210418
24,202505210518
23,202505210618
23,202505210718
24,202505210818
27,202505210918
30,202505211018
35,202505211118
40,202505211218
44,202505211318
45,202505211418
45,202505211518
43,202505211618
42,202505211718
41,202505211818
41,202505211918
40,202505212018
37,202505212118
34,202505212218
31,202505212318
31,202505220018
30,202505220118
28,202505220218
26,202505220318
22,202505220418
24,202505220518
23,202505220618
23,202505220718
24,202505220818
26,202505220918
30,202505221018
35,202505221118
39,202505221218
43,202505221318
45,202505221418
45,202505221518
42,202505221618
41,202505221718
40,202505221818
40,202505221918
39,202505222018
36,202505222118
33,202505222218
31,202505222318
30,202505230018
29,202505230118
27,202505230218
26,202505230318
23,202505230418
24,202505230518
23,202505230618
24,202505230718
25,202505230818
27,202505230918
30,202505231018
36,202505231118
41,202505231218
44,202505231318
45,202505231418
45,202505231518
43,202505231618
41,202505231718
40,202505231818
39,202505231918
37,202505232018
35,202505232118
32,202505232218
30,202505232318
29,202505240018
27,202505240118
26,202505240218
23,202505240318
21,202505240418
20,202505240518
21,202505240618
22,202505240718
22,202505240818
23,202505240918
26,202505241018
29,202505241118
45,202505241218
52,202505241318
48,202505241418
42,202505241518
39,202505241618
37,202505241718
35,202505241818
33,202505241918
32,202505242018
32,202505242118
30,202505242218
28,202505242318
28,202505250018
26,202505250118
25,202505250218
23,202505250318
20,202505250418
20,202505250518
21,202505250618
22,202505250718
23,202505250818
23,202505250918
26,202505251018
29,202505251118
33,202505251218
37,202505251318
39,202505251418
38,202505251518
38,202505251618
36,202505251718
35,202505251818
34,202505251918
33,202505252018
31,202505252118
30,202505252218
28,202505252318
28,202505260018
27,202505260118
26,202505260218
24,202505260318
22,202505260418
23,202505260518
22,202505260618
23,202505260718
24,202505260818
26,202505260918
28,202505261018
33,202505261118
36,202505261218
40,202505261318
42,202505261418
41,202505261518
40,202505261618
38,202505261718
37,202505261818
36,202505261918
34,202505262018
33,202505262118
31,202505262218
29,202505262318
28,202505270018
27,202505270118
25,202505270218
23,202505270318
21,202505270418
23,202505270518
23,202505270618
23,202505270718
23,202505270818
26,202505270918
29,202505271018
34,202505271118
38,202505271218
41,202505271318
42,202505271418
42,202505271518
41,202505271618
40,202505271718
39,202505271818
38,202505271918
37,202505272018
36,202505272118
33,202505272218
32,202505272318
